지 역,,,18년 01,18년 02,전분기대비,18년 03,전분기대비,18년 04,전분기대비,19년 01,전분기대비,19년 02,전분기대비,19년 03,전분기대비,19년 04,전분기대비,20년 01,전분기대비,20년 02,전분기대비,20년 03,전분기대비,20년 04,전분기대비,21년 01,전분기대비,,전년대비,,,,,,,,
,,,,,,,,,,,,,,,,,,,,,,,,,,,,,,,,,,,,,
서울,종로구,,3,6.3,3.3,11.7,5.4,15.6,3.9,17.9,2.3,15.9,-2.0,20.4,4.5,24.6,4.2,27.2,2.6,29.4,2.2,37.3,7.9,41.8,4.5,48.2,6.4,,2019 상승률,,,,2020 상승률,,,,2021 상승률
서울,중구,,5.1,11,5.9,19.9,8.9,25.3,5.4,20.7,-4.6,23.1,2.4,27.7,4.6,32.6,4.9,37.4,4.8,42.4,5.0,48.7,6.3,59.1,10.4,66.3,7.2,,14.9,,,,9.3,,,,21
서울,용산구,,7,15.3,8.3,24.5,9.2,24.7,0.2,23.8,-0.9,24.6,0.8,30.8,6.2,37.6,6.8,40.5,2.9,39.2,-1.3,49.6,10.4,56.4,6.8,64.9,8.5,,15.6,,,,16.7,,,,28.9
서울,성동구,,9,16.9,7.9,23.5,6.6,27.9,4.4,22.7,-5.2,24.8,2.1,30.6,5.8,38.1,7.5,47.2,9.1,51.9,4.7,63.4,11.5,74.3,10.9,84.9,10.6,,16.8,,,,16.7,,,,24.4
서울,광진구,,7.9,11.8,3.9,17.9,6.1,21.3,3.4,15.3,-6.0,17.1,1.8,24.2,7.1,34.5,10.3,42.4,7.9,43.8,1.4,55,11.2,64,9.0,70.9,6.9,,13.7,,,,24.5,,,,37.7
서울,동대문구,,5.2,12.3,7.1,20.4,8.1,27.3,6.9,23.3,-4.0,24.5,1.2,28,3.5,32.6,4.6,40.3,7.7,46.2,5.9,55.5,9.3,65.2,9.7,74.4,9.2,,7.4,,,,27.1,,,,28.5
서울,중랑구,,1.9,4.5,2.6,11.3,6.8,18.3,7.0,19,0.7,19.4,0.4,22.3,2.9,26.6,4.3,33,6.4,38.9,5.9,53.1,14.2,63,9.9,71.1,8.1,,18.1,,,,17,,,,34.1
서울,성북구,,2.5,7.8,5.3,15.9,8.1,25.9,10.0,21.2,-4.7,20.6,-0.6,24.9,4.3,30.8,5.9,40.2,9.4,48.2,8.0,63.1,14.9,74.4,11.3,80.5,6.1,,17.1,,,,14,,,,38.1
서울,강북구,,0.8,3.4,2.6,10.6,7.2,19.8,9.2,15.1,-4.7,15.3,0.2,18.1,2.8,20.4,2.3,27.7,7.3,36.6,8.9,50.2,13.6,61.7,11.5,70.1,8.4,,18.7,,,,19,,,,40.3
서울,도봉구,,1.1,2.5,1.4,8.9,6.4,18.2,9.3,16.4,-1.8,16.2,-0.2,19,2.8,22.4,3.4,27,4.6,31.4,4.4,47.8,16.4,61.5,13.7,77.2,15.7,,14.3,,,,12.6,,,,42.4
서울,노원구,,2.1,3.7,1.6,11.1,7.4,20.7,9.6,16.9,-3.8,17.6,0.7,22.3,4.7,27.5,5.2,35.5,8.0,42.7,7.2,61.2,18.5,73.5,12.3,88.4,14.9,,15.3,,,,10.6,,,,50.2
서울,은평구,,1.5,5,3.5,11.9,6.9,18.1,6.2,13.6,-4.5,16.2,2.6,18.9,2.7,21.8,2.9,25.7,3.9,30.5,4.8,39.6,9.1,50.7,11.1,58.2,7.5,,14.8,,,,18.6,,,,52.9
서울,서대문구,,3.8,10.3,6.5,18,7.7,24.8,6.8,19.1,-5.7,20.3,1.2,25,4.7,31.1,6.1,37.5,6.4,42.3,4.8,53.1,10.8,63,9.9,70.6,7.6,,12.1,,,,12.1,,,,32.5
서울,마포구,,5.8,13.1,7.3,20.9,7.8,24.6,3.7,19.5,-5.1,22.7,3.2,30.1,7.4,36.3,6.2,41.9,5.6,45.9,4.0,53.7,7.8,61.4,7.7,69.9,8.5,,15.3,,,,18.4,,,,33.1
서울,양천구,,3.7,5.3,1.6,14.3,9.0,18.9,4.6,15.8,-3.1,17.1,1.3,23.4,6.3,32.2,8.8,39.7,7.5,43.4,3.7,56.8,13.4,63.8,7.0,72.7,8.9,,13.7,,,,22.4,,,,28
서울,강서구,,3.1,7.1,4.0,15.3,8.2,21.7,6.4,16.6,-5.1,15.4,-1.2,19.5,4.1,24,4.5,29.2,5.2,31.6,2.4,40.9,9.3,50.1,9.2,58.3,8.2,,12.1,,,,23.9,,,,33
서울,구로구,,1.3,4.3,3.0,10.6,6.3,18.9,8.3,15.8,-3.1,16.7,0.9,20.6,3.9,25.8,5.2,31.4,5.6,36.7,5.3,48.4,11.7,55.9,7.5,64.3,8.4,,13.5,,,,12.6,,,,29.1
서울,금천구,,0.8,2.7,1.9,7.1,4.4,12.5,5.4,11.4,-1.1,12.8,1.4,15.7,2.9,20.5,4.8,26.4,5.9,31.7,5.3,44.1,12.4,50.3,6.2,60.4,10.1,,14.5,,,,15.6,,,,32.9
서울,영등포구,,6.2,13.5,7.3,22.1,8.6,29.3,7.2,26.4,-2.9,27.6,1.2,34,6.4,41.5,7.5,47.8,6.3,52.7,4.9,62.1,9.4,70.7,8.6,79,8.3,,10.6,,,,15,,,,34
서울,동작구,,6.4,13.5,7.1,21.5,8.0,26.6,5.1,19.4,-7.2,22.6,3.2,27.9,5.3,34.5,6.6,40.8,6.3,44.3,3.5,53.5,9.2,62.4,8.9,71.1,8.7,,20.2,,,,21.4,,,,31.2
서울,관악구,,1.5,6.5,5.0,14.1,7.6,20.8,6.7,18.2,-2.6,18.1,-0.1,21.5,3.4,25.4,3.9,32.6,7.2,36.7,4.1,48.8,12.1,55.9,7.1,65.1,9.2,,13,,,,21.4,,,,30.3
서울,서초구,,7.5,11.2,3.7,18.9,7.7,21.4,2.5,14.8,-6.6,19.3,4.5,26.6,7.3,32.9,6.3,32.6,-0.3,33.9,1.3,43.8,9.9,47.5,3.7,56.3,8.8,,16.7,,,,14.4,,,,32.5
서울,강남구,,9.5,12,2.5,19.6,7.6,20.5,0.9,13.6,-6.9,19.1,5.5,27.2,8.1,35.7,8.5,36.8,1.1,36.5,-0.3,46.9,10.4,49.8,2.9,55.2,5.4,,7.3,,,,17.8,,,,23.7
서울,송파구,,9.1,12.1,3.0,17.6,5.5,19.5,1.9,11.5,-8.0,16.5,5.0,23.7,7.2,31.7,8.0,37.1,5.4,39,1.9,50.7,11.7,59.4,8.7,66.8,7.4,,4.1,,,,23.2,,,,18.4
서울,강동구,,6.3,10.3,4.0,17.5,7.2,21.3,3.8,14.8,-6.5,13.5,-1.3,19.5,6.0,26.4,6.9,34.3,7.9,38.2,3.9,50.2,12.0,61.4,11.2,71.5,10.1,,2.4,,,,25.6,,,,29.7
부산,서구,,-4.7,-4.9,-0.2,-6.6,-1.7,-6.2,0.4,-6.2,0.0,-10.2,-4.0,-8,2.2,-7.9,0.1,-9.2,-1.3,-8.1,1.1,-7.7,0.4,-6.2,1.5,-2.6,3.6,,8.5,,,,19.5,,,,37.2
부산,동구,,0.2,-1.9,-2.1,-3.2,-1.3,-6.4,-3.2,-11.9,-5.5,-7.7,4.2,-13.6,-5.9,-10.5,3.1,-8.2,2.3,-5.4,2.8,-0.8,4.6,16.7,17.5,29.1,12.4,,-1.5,,,,-3,,,,6.6
부산,영도구,,-1.2,-1.9,-0.7,-3.3,-1.4,-5.3,-2.0,-6.7,-1.4,-8.8,-2.1,-8.9,-0.1,-8.9,0.0,-7.9,1.0,-7.6,0.3,-6.4,1.2,0.7,7.1,11.2,10.5,,-12.1,,,,3.7,,,,37.3
부산,부산진구,,-1.8,-2.2,-0.4,-2.5,-0.3,-4.1,-1.6,-5.5,-1.4,-6.4,-0.9,-7.2,-0.8,-6.5,0.7,-4.3,2.2,-3.6,0.7,-0.9,2.7,8.7,9.6,18.3,9.6,,-5.5,,,,-1.2,,,,19.1
부산,동래구,,-2.9,-2.7,0.2,-4,-1.3,-6.1,-2.1,-8.9,-2.8,-9.6,-0.7,-10.7,-1.1,-5.2,5.5,-0.3,4.9,2.2,2.5,7,4.8,17,10.0,29.5,12.5,,-3.7,,,,1.2,,,,22.6
부산,남구,,-1.2,-2.8,-1.6,-4.3,-1.5,-4,0.3,-4.6,-0.6,-5,-0.4,-5.5,-0.5,-1.8,3.7,2.9,4.7,3.5,0.6,4.9,1.4,12.1,7.2,20.2,8.1,,-6,,,,8.6,,,,29.8
부산,북구,,-1.1,-3.1,-2.0,-4.3,-1.2,-4.4,-0.1,-7.4,-3.0,-9.4,-2.0,-10,-0.6,-9.3,0.7,-7.3,2.0,-6.5,0.8,-4.8,1.7,2,6.8,10.8,8.8,,-3.4,,,,7.5,,,,17.3
부산,해운대구,,-2,-3.5,-1.5,-4.7,-1.2,-5.2,-0.5,-8.2,-3.0,-8.8,-0.6,-9.5,-0.7,-3.4,6.1,0.5,3.9,2.8,2.3,8.7,5.9,21.8,13.1,33.8,12.0,,-6.3,,,,0.1,,,,18.1
부산,사하구,,-0.7,-1,-0.3,-2.4,-1.4,-3.1,-0.7,-4.5,-1.4,-5.9,-1.4,-6.6,-0.7,-5.4,1.2,-4.9,0.5,-4.4,0.5,-3.6,0.8,3.4,7.0,11.7,8.3,,-6.2,,,,8.7,,,,33.3
부산,금정구,,-1.5,-2.3,-0.8,-4.2,-1.9,-4.2,0.0,-5.3,-1.1,-6.7,-1.4,-7.4,-0.7,-6.2,1.2,-3.8,2.4,-4.2,-0.4,-2.2,2.0,6.5,8.7,19.4,12.9,,-3.8,,,,-0.4,,,,16.6
부산,연제구,,-2,-3.3,-1.3,-5,-1.7,-5.8,-0.8,-7.3,-1.5,-10.2,-2.9,-11.1,-0.9,-7.3,3.8,-3.6,3.7,-2.7,0.9,0.7,3.4,9.6,8.9,19.8,10.2,,-3.8,,,,1.5,,,,23.2
부산,수영구,,-0.8,-0.8,,-2,-1.2,-3.7,-1.7,-5.4,-1.7,-6.2,-0.8,-6.9,-0.7,0.5,7.4,6.9,6.4,11,4.1,15.6,4.6,28.7,13.1,39,10.3,,-5.3,,,,3.7,,,,23.4
부산,사상구,,-1.1,-2.4,-1.3,-3.3,-0.9,-4.5,-1.2,-6.2,-1.7,-7.6,-1.4,-9.3,-1.7,-9.2,0.1,-8.6,0.6,-8.7,-0.1,-7.9,0.8,-2.6,5.3,3.3,5.9,,-4.6,,,,12.3,,,,32.1
부산,기장군,,-2.1,-4.7,-2.6,-5.1,-0.4,-5.8,-0.7,-8,-2.2,-9.1,-1.1,-10.3,-1.2,-10.6,-0.3,-10.5,0.1,-11.7,-1.2,-11.9,-0.2,-4.8,7.1,7.4,12.2,,-5.1,,,,-2.4,,,,11.9
대구,중구,,3.7,7.5,3.8,11.6,4.1,14.9,3.3,15.2,0.3,16.3,1.1,17.4,1.1,19.7,2.3,22.4,2.7,23.5,1.1,26.9,3.4,35.7,8.8,55.3,19.6,,-5.9,,,,-2.5,,,,17.9
대구,동구,,0.3,0.1,-0.2,0.5,0.4,1.5,1.0,0.5,-1.0,0.3,-0.2,1.4,1.1,2.5,1.1,3.7,1.2,4.6,0.9,6,1.4,10,4.0,17.6,7.6,,11.5,,,,7.2,,,,32.9
대구,서구,,0.9,1.7,0.8,4.3,2.6,4.3,0.0,7.7,3.4,7.8,0.1,10.6,2.8,11.6,1.0,16.2,4.6,21.8,5.6,26,4.2,38.9,12.9,40.8,1.9,,0.2,,,,3.2,,,,13.9
대구,남구,,0.9,2.2,1.3,2.2,0.0,5.2,3.0,4.2,-1.0,6.1,1.9,7.7,1.6,9.4,1.7,12.8,3.4,13.7,0.9,16.4,2.7,23.5,7.1,35.4,11.9,,6.8,,,,8.5,,,,24.6
대구,북구,,0.9,1.7,0.8,2.7,1.0,3.4,0.7,1.9,-1.5,1.4,-0.5,1.9,0.5,2.9,1.0,4.2,1.3,4.3,0.1,5.4,1.1,9.6,4.2,17.2,7.6,,3.3,,,,8.6,,,,22.6
대구,수성구,,2,4.1,2.1,6.5,2.4,7.2,0.7,5.2,-2.0,4.9,-0.3,6.6,1.7,8.5,1.9,10.9,2.4,12.6,1.7,17.6,5.0,28.6,11.0,41,12.4,,1,,,,2.3,,,,13
대구,달서구,,0.7,1.6,0.9,2.5,0.9,3.6,1.1,2.9,-0.7,2.9,0.0,4.6,1.7,6.7,2.1,9.1,2.4,11.6,2.5,15.8,4.2,27.2,11.4,41.7,14.5,,3.2,,,,5.7,,,,30.1
대구,달성군,,1.1,1.1,,0.2,-0.9,0.6,0.4,-0.1,-0.7,-1.4,-1.3,0,1.4,1,1.0,1.5,0.5,1.4,-0.1,2.3,0.9,7.1,4.8,20.6,13.5,,2.2,,,,6.2,,,,32.6
인천,중구,,-1.1,-2.3,-1.2,-3.7,-1.4,-7.3,-3.6,-11,-3.7,-11.1,-0.1,-8.5,2.6,-7.3,1.2,-2.8,4.5,2.5,5.3,2.4,-0.1,5.3,2.9,13,7.7,,-1.2,,,,1.6,,,,19.1
인천,동구,,-0.5,-0.6,-0.1,-0.1,0.5,-0.7,-0.6,-2.1,-1.4,-3,-0.9,-3,0.0,-3.6,-0.6,-2.6,1.0,-0.4,2.2,0.7,1.1,0.9,0.2,4.5,3.6,,-9.9,,,,8.2,,,,15.8
인천,미추홀구,,0.8,1.1,0.3,2,0.9,1.1,-0.9,1.2,0.1,0,-1.2,0.6,0.6,0.8,0.2,3.3,2.5,6.9,3.6,8.8,1.9,9.9,1.1,14.9,5.0,,-1.6,,,,-0.5,,,,7.1
인천,연수구,,-1.2,-1.7,-0.5,-2.6,-0.9,-3.5,-0.9,-5.8,-2.3,-8.1,-2.3,-8,0.1,-6.4,1.6,-1,5.4,7.5,8.5,10.8,3.3,14.4,3.6,26.3,11.9,,0.4,,,,2.1,,,,11.6
인천,남동구,,-0.3,-1,-0.7,-0.4,0.6,-0.3,0.1,-1.1,-0.8,-2.1,-1.0,-2.3,-0.2,-1.6,0.7,2,3.6,9.5,7.5,12.2,2.7,14,1.8,21.6,7.6,,-4.6,,,,4.8,,,,27.3
인천,부평구,,-0.7,-1.7,-1.0,-1,0.7,0.6,1.6,0.1,-0.5,0.3,0.2,0.8,0.5,2.4,1.6,7.1,4.7,12.7,5.6,15.8,3.1,16.7,0.9,24.6,7.9,,-0.8,,,,3.1,,,,19.6
인천,계양구,,0,-1.1,-1.1,-1.1,0.0,-0.7,0.4,0.2,0.9,0.2,0.0,0.5,0.3,1.3,0.8,2.3,1.0,4,1.7,5.8,1.8,8.1,2.3,15.7,7.6,,0.8,,,,7,,,,17.5
인천,서구,,-1.2,-2.7,-1.5,-2.8,-0.1,-1.5,1.3,-2.4,-0.9,-2.7,-0.3,-2.4,0.3,-1.6,0.8,3.3,4.9,8,4.7,9.8,1.8,13.4,3.6,23.5,10.1,,0.2,,,,2.1,,,,13.4
광주,동구,,0,1,1.0,3,2.0,8.2,5.2,7.8,-0.4,6.1,-1.7,5.8,-0.3,6.2,0.4,8.6,2.4,8.8,0.2,9.5,0.7,14.3,4.8,19.1,4.8,,-1.2,,,,5.7,,,,20.2
광주,서구,,2.1,4.5,2.4,8.4,3.9,13.8,5.4,15.3,1.5,14.9,-0.4,14.7,-0.2,15,0.3,15.7,0.7,16.1,0.4,16.6,0.5,20.7,4.1,23.6,2.9,,7.8,,,,0.8,,,,10.5
광주,남구,,1.4,3.7,2.3,12.5,8.8,17.9,5.4,17.7,-0.2,13.7,-4.0,13.6,-0.1,14.5,0.9,16.1,1.6,17.3,1.2,19,1.7,26,7.0,32.5,6.5,,13.2,,,,0.4,,,,7.9
광주,북구,,0.4,1,0.6,3.2,2.2,6.4,3.2,7.5,1.1,7.3,-0.2,7.9,0.6,8.3,0.4,9.6,1.3,8.8,-0.8,10.1,1.3,12.1,2.0,16.1,4.0,,16.3,,,,-1.6,,,,16.4
광주,광산구,,1.1,3.1,2.0,5.6,2.5,9.5,3.9,10.6,1.1,10.3,-0.3,11.8,1.5,14,2.2,14.9,0.9,15.8,0.9,17.3,1.5,22.5,5.2,27.3,4.8,,7.1,,,,2.1,,,,6.5
대전,동구,,0.6,-0.2,-0.8,-0.5,-0.3,-1.2,-0.7,-0.8,0.4,-1.4,-0.6,0.1,1.5,4.6,4.5,10.8,6.2,17,6.2,21.7,4.7,26.3,4.6,30.9,4.6,,9.5,,,,4.3,,,,12.4
대전,중구,,0.1,0.8,0.7,1.1,0.3,2.4,1.3,2.4,0.0,4.4,2.0,8.5,4.1,17.2,8.7,25.7,8.5,33.2,7.5,36.9,3.7,41,4.1,47.6,6.6,,-1.4,,,,11.6,,,,20.1
대전,서구,,-0.5,-0.6,-0.1,-0.2,0.4,3.4,3.6,4.8,1.4,6,1.2,9.1,3.1,14.9,5.8,24.4,9.5,32.4,8.0,37.8,5.4,44.7,6.9,54.6,9.9,,2.3,,,,23.3,,,,21.9
대전,유성구,,0.1,0.3,0.2,1.2,0.9,3.4,2.2,4.8,1.4,6.5,1.7,11.7,5.2,19,7.3,26.3,7.3,33.8,7.5,42.1,8.3,51.5,9.4,62.6,11.1,,5.3,,,,19.6,,,,30.2
대전,대덕구,,-1.8,-2,-0.2,-2.7,-0.7,-3.3,-0.6,-3.9,-0.6,-3.4,0.5,-1.8,1.6,0.6,2.4,5.1,4.5,9.5,4.4,16.2,6.7,23.4,7.2,28.6,5.2,,4.7,,,,21.5,,,,36.3
울산,중구,,-1.4,-4.1,-2.7,-8.7,-4.6,-9.9,-1.2,-12.1,-2.2,-13.2,-1.1,-13.4,-0.2,-10.9,2.5,-8.6,2.3,-8,0.6,-5,3.0,2.3,7.3,8,5.7,,-2.1,,,,9,,,,23.5
울산,남구,,-2,-4.1,-2.1,-7.7,-3.6,-9.2,-1.5,-11.2,-2.0,-12.2,-1.0,-12,0.2,-8.2,3.8,-3.4,4.8,-1.4,2.0,3.7,5.1,15.2,11.5,24.3,9.1,,-10.7,,,,3.5,,,,16.6
울산,동구,,-3.1,-6.5,-3.4,-9.2,-2.7,-12.3,-3.1,-14.9,-2.6,-14.6,0.3,-17.3,-2.7,-16.7,0.6,-16.3,0.4,-18.1,-1.8,-17.7,0.4,-13.7,4.0,-9.2,4.5,,-9.2,,,,7.8,,,,27.7
울산,북구,,-4.9,-8.1,-3.2,-13,-4.9,-14.7,-1.7,-17.8,-3.1,-19.1,-1.3,-19.6,-0.5,-16.8,2.8,-13.8,3.0,-12.2,1.6,-10.3,1.9,-4,6.3,5.3,9.3,,-11.8,,,,-1.4,,,,7.1
울산,울주군,,-2.3,-5,-2.7,-8.6,-3.6,-10.1,-1.5,-12.7,-2.6,-13.9,-1.2,-14.9,-1.0,-14.4,0.5,-12.7,1.7,-12.6,0.1,-11.1,1.5,-5.8,5.3,-0.4,5.4,,-12.9,,,,4,,,,19.1
경기,수원시,,0.2,0.6,0.4,1.7,1.1,3.6,1.9,3.2,-0.4,2,-1.2,2.6,0.6,5.7,3.1,17.6,11.9,27.5,9.9,33.3,5.8,39.4,6.1,51.6,12.2,,-10.4,,,,0,,,,12.3
경기,,장안구,-0.2,-0.5,-0.3,0.2,0.7,1.8,1.6,2.2,0.4,1,-1.2,1.2,0.2,1.8,0.6,10,8.2,20,10.0,25.6,5.6,30.1,4.5,41.1,11.0,,3,,,,14.4,,,,34
경기,,권선구,-0.8,-1,-0.2,-1,0.0,0.4,1.4,0.3,-0.1,-1.1,-1.4,-0.5,0.6,1.7,2.2,12.7,11.0,22,9.3,26.3,4.3,31.5,5.2,41.7,10.2,,2.4,,,,7.8,,,,31.1
경기,,팔달구,0.6,1.5,0.9,3.8,2.3,7.8,4.0,8.6,0.8,7.5,-1.1,8.3,0.8,12.8,4.5,26.7,13.9,37.9,11.2,42,4.1,47.4,5.4,59.4,12.0,,1.1,,,,12.4,,,,29
경기,,영통구,1.1,2.5,1.4,4,1.5,6,2.0,4.8,-1.2,3.8,-1.0,4.9,1.1,9.9,5.0,24.9,15.0,34.9,10.0,42.9,8.0,51.1,8.2,66.7,15.6,,8,,,,18.1,,,,32.7
경기,성남시,,6.7,10.9,4.2,18,7.1,21.9,3.9,16.8,-5.1,17.5,0.7,22.5,5.0,30,7.5,37.8,7.8,42.6,4.8,55,12.4,68.5,13.5,84.3,15.8,,3.7,,,,20.1,,,,41.8
경기,,수정구,3.4,6.9,3.5,11,4.1,15.5,4.5,13.8,-1.7,14,0.2,18.5,4.5,26.6,8.1,37,10.4,41.8,4.8,50.6,8.8,61.1,10.5,75.2,14.1,,10.1,,,,21,,,,46.5
경기,,중원구,1.7,4.6,2.9,9.9,5.3,15,5.1,12.5,-2.5,13.2,0.7,18.2,5.0,27.2,9.0,38.9,11.7,48.7,9.8,60.3,11.6,71.1,10.8,87.6,16.5,,10.4,,,,23.2,,,,38.2
경기,,분당구,8.7,14.4,5.7,21.3,6.9,26.8,5.5,18.2,-8.6,19.4,1.2,24.5,5.1,31.1,6.6,37.5,6.4,41.5,4.0,54.4,12.9,69.1,14.7,85.3,16.2,,10.8,,,,26.4,,,,48.7
경기,의정부시,,0.3,0.1,-0.2,0.6,0.5,1.1,0.5,-1,-2.1,-1.7,-0.7,-1.3,0.4,-0.4,0.9,0.9,1.3,2.8,1.9,6.4,3.6,13.6,7.2,32.9,19.3,,9.5,,저금리,40%,19.3,,,,47.8
경기,안양시,,2.2,3.8,1.6,7.9,4.1,12.2,4.3,9.2,-3.0,6.7,-2.5,8.9,2.2,12.8,3.9,19.3,6.5,24.5,5.2,31.3,6.8,38.7,7.4,53.2,14.5,,-1.3,,주택공급부족,30%,1.9,,,,32
경기,,만안구,1.3,1.7,0.4,5.2,3.5,10.3,5.1,8.9,-1.4,8.4,-0.5,10.3,1.9,14.8,4.5,21.6,6.8,26.2,4.6,31.2,5.0,36.6,5.4,46.4,9.8,,7,,변수1,20,10.1,,,,33.9
경기,,동안구,2.6,4.9,2.3,9.1,4.2,13.5,4.4,9.4,-4.1,5.7,-3.7,8.3,2.6,11.9,3.6,18.4,6.5,24,5.6,31.5,7.5,40.1,8.6,57,16.9,,7.6,,변수2,5,12.7,,,,24.8
경기,부천시,,0,0.1,0.1,2.4,2.3,6.2,3.8,6.3,0.1,6.3,0.0,7.6,1.3,9.8,2.2,13.1,3.3,17.8,4.7,22.7,4.9,27.4,4.7,37.4,10.0,,6.8,,변수3,5,9,,,,38.6
경기,광명시,,0.2,2.3,2.1,13.3,11.0,22.2,8.9,14.9,-7.3,17.1,2.2,23.4,6.3,27.4,4.0,32.9,5.5,39.7,6.8,56.9,17.2,67,10.1,79,12.0,,6.3,,,,6.8,,,,24.3
경기,평택시,,-3.3,-7.1,-3.8,-9.8,-2.7,-11.3,-1.5,-14.6,-3.3,-16.8,-2.2,-18.3,-1.5,-18.7,-0.4,-17.8,0.9,-14,3.8,-13.2,0.8,-11.5,1.7,-4.1,7.4,삼성 건설 시작과 과정에서는 집값에 그렇게 큰 영향은 주지 못한다.,14.7,,총 변수들을 고려해서 종합적인,,18,,,,46.1
경기,안산시,,-3.3,-6.7,-3.4,-9.2,-2.5,-11.9,-2.7,-12.8,-0.9,-12.4,0.4,-12.5,-0.1,-10.9,1.6,-5.1,5.8,4,9.1,6.7,2.7,8.5,1.8,23.7,15.2,,-11.3,,유력한 아파트 대상을 모색,,-3.2,,,,13.7
경기,,상록구,-3.4,-6.8,-3.4,-8.8,-2.0,-11.3,-2.5,-12,-0.7,-12.5,-0.5,-11.9,0.6,-11.2,0.7,-5.9,5.3,2.5,8.4,6.5,4.0,7.8,1.3,24.8,17.0,,-9.5,,,,7.7,,,,28.8
경기,,단원구,-3.1,-6.5,-3.4,-9.4,-2.9,-12.4,-3.0,-13.3,-0.9,-12.3,1.0,-12.8,-0.5,-10.6,2.2,-4.4,6.2,5.4,9.8,7.1,1.7,9.2,2.1,22.9,13.7,,-8.6,,1. 대형유명학원 신설예정된 곳,,6.1,,,,30.7
경기,고양시,,-0.5,-1.1,-0.6,-0.4,0.7,1.5,1.9,-1,-2.5,-2.8,-1.8,-3.7,-0.9,-2.1,1.6,1.1,3.2,3.9,2.8,9.5,5.6,19.6,10.1,41.8,22.2,,-10.2,,2. 대학교 부지이동,,8.9,,,,27.3
경기,,덕양구,-0.1,-0.5,-0.4,1.8,2.3,5.9,4.1,4.2,-1.7,2.7,-1.5,2.6,-0.1,3.7,1.1,7.4,3.7,11.6,4.2,18.4,6.8,27.5,9.1,51.6,24.1,오대열 경제만랩 리서치팀장은 “정부가 3기 신도시 건설과 함께 광역교통대책 마련에도 속도를 내고 있다”며 “서울 은평구 새절역과 고양시청을 연결하는 고양선이 개통되면 서울 접근성이 한층 더 좋아져 덕양구의 인기가 더 높아질 것으로 보인다”고 했다.,-0.5,,3. 교통 -> gtx 개통 지역(예정),,2.1,,,,40.7
경기,,일산동구,-0.2,-0.7,-0.5,-1.2,-0.5,-0.4,0.8,-3.3,-2.9,-5.4,-2.1,-6.5,-1.1,-4.9,1.6,-2.2,2.7,0.4,2.6,5.6,5.2,15.3,9.7,34.3,19.0,,4.3,,4,,3.2,,,,44.2
경기,,일산서구,-1,-1.6,-0.6,-1.7,-0.1,-1.9,-0.2,-4.7,-2.8,-6.6,-1.9,-8.1,-1.5,-5.8,2.3,-2.7,3.1,-0.6,2.1,4.1,4.7,15.3,11.2,37.6,22.3,,-3.1,,,,1.1,,,,36.5
경기,과천시,,11,18.7,7.7,22.8,4.1,26.2,3.4,19.9,-6.3,24.1,4.2,34.5,10.4,49.1,14.6,54.5,5.4,48.9,-5.6,62.1,13.2,66.2,4.1,78,11.8,,-3.7,,,,2,,,,40.3
경기,구리시,,1,1.8,0.8,5,3.2,10.1,5.1,10,-0.1,9.5,-0.5,12.1,2.6,15.1,3.0,22.6,7.5,35.1,12.5,44.5,9.4,52.4,7.9,61.7,9.3,,8.9,,,,34.6,,,,23.5
경기,남양주시,,-1,-2,-1.0,-0.9,1.1,0.5,1.4,-0.3,-0.8,-0.8,-0.5,-0.7,0.1,0.4,1.1,3.1,2.7,9.6,6.5,20.7,11.1,30.5,9.8,48.3,17.8,,9,,,,12.6,,,,39.1
경기,오산시,,-2.9,-6.2,-3.3,-7.2,-1.0,-6.8,0.4,-9.8,-3.0,-10.7,-0.9,-11.4,-0.7,-11.3,0.1,-7.3,4.0,1.8,9.1,6.9,5.1,12.3,5.4,23.4,11.1,,0.7,,,,3.4,,,,45.2
경기,시흥시,,-3,-5.1,-2.1,-4.2,0.9,-4.6,-0.4,-6.4,-1.8,-7.9,-1.5,-9.1,-1.2,-8.9,0.2,-4.8,4.1,0,4.8,2.6,2.6,5.7,3.1,16.1,10.4,,-6.9,,,,2.5,,,,30.7
경기,군포시,,-1.1,-2.8,-1.7,0.8,3.6,4.2,3.4,1.7,-2.5,-0.5,-2.2,-0.3,0.2,0.4,0.7,8.5,8.1,17.9,9.4,21.1,3.2,23.9,2.8,36.4,12.5,,-3.4,,,,1.6,,,,20.9
경기,의왕시,,1.9,4.6,2.7,7.8,3.2,11,3.2,5.6,-5.4,3.8,-1.8,6,2.2,10.5,4.5,19.3,8.8,28.2,8.9,33.9,5.7,40.9,7.0,59.2,18.3,,2.8,,,,6.8,,,,27.9
경기,하남시,,3.7,8.3,4.6,12.7,4.4,16.2,3.5,9.7,-6.5,6.6,-3.1,11.4,4.8,18.8,7.4,28,9.2,38.1,10.1,51.3,13.2,62.2,10.9,72.8,10.6,,3.7,,,,13.7,,,,39.9
경기,용인시,,0.7,3.3,2.6,6.2,2.9,9.8,3.6,7.1,-2.7,6.1,-1.0,7,0.9,9.5,2.5,16.8,7.3,25.5,8.7,36.2,10.7,48.8,12.6,64.3,15.5,,6,,,,18.3,,,,44.8
경기,,처인구,-1.4,-2.7,-1.3,-3.3,-0.6,-4.2,-0.9,-4.7,-0.5,-4.1,0.6,-3.9,0.2,-4.1,-0.2,-2.7,1.4,0,2.7,3.7,3.7,9.9,6.2,20.1,10.2,,6.4,,,,9.7,,,,47.5
경기,,기흥구,-0.9,0.5,1.4,3.6,3.1,6.3,2.7,4.5,-1.8,3.7,-0.8,4.4,0.7,6.3,1.9,13.2,6.9,23.3,10.1,35.7,12.4,50,14.3,65.4,15.4,,-3.3,,,,2,,,,22.8
경기,,수지구,2.8,7.2,4.4,11,3.8,17.2,6.2,13.4,-3.8,11.3,-2.1,12.7,1.4,17,4.3,27.3,10.3,37,9.7,49,12.0,63.2,14.2,82.6,19.4,,5.4,,,,8.7,,,,52.2
경기,파주시,,-0.1,-0.8,-0.7,-2.4,-1.6,-3.4,-1.0,-4.4,-1.0,-5.3,-0.9,-5.7,-0.4,-6.8,-1.1,-6.9,-0.1,-6,0.9,-3.4,2.6,8.1,11.5,18.8,10.7,,10.6,,,,13.9,,,,55.3
경기,이천시,,-0.3,-0.6,-0.3,-1.7,-1.1,-3.7,-2.0,-4.9,-1.2,-5.3,-0.4,-6.3,-1.0,-6.2,0.1,-5.9,0.3,-5.2,0.7,-4.2,1.0,-3.4,0.8,-0.3,3.1,,-4.3,,,,-2.5,,,,25.7
경기,안성시,,-1.9,-6.6,-4.7,-10.9,-4.3,-13.7,-2.8,-16.7,-3.0,-18.4,-1.7,-19.7,-1.3,-21,-1.3,-18.5,2.5,-15.4,3.1,-14.5,0.9,-12.3,2.2,-6.7,5.6,,-4.6,,,,-1,,,,5.6
경기,김포시,,0.7,-0.2,-0.9,-0.1,0.1,0.6,0.7,-0.2,-0.8,-1,-0.8,-1.1,-0.1,-0.4,0.7,-0.2,0.2,1.5,1.7,7.1,5.6,24.1,17.0,46.6,22.5,,-14.8,,,,-1.8,,,,11.8
경기,화성시,,-1.6,-0.7,0.9,0.5,1.2,1.5,1.0,-1.6,-3.1,-3.4,-1.8,-3.8,-0.4,-2.2,1.6,6.5,8.7,17.3,10.8,24.3,7.0,31.4,7.1,42.2,10.8,,-0.9,,,,0,,,,46.8
경기,광주시,,-1.2,-2.9,-1.7,-2.3,0.6,-2.4,-0.1,-3,-0.6,-3.1,-0.1,-4.1,-1.0,-3,1.1,-1.8,1.2,2.2,4.0,9.9,7.7,20,10.1,34.5,14.5,,0,,,,8.1,,,,35.7
경기,양주시,,-0.1,-1,-0.9,-1.9,-0.9,-2.1,-0.2,-2,0.1,-3.6,-1.6,-3.9,-0.3,-3.2,0.7,-1.8,1.4,-0.7,1.1,0.5,1.2,5.4,4.9,26.8,21.4,,-1.8,,,,1.2,,,,36.3
경기,포천시,,-1.3,-2.8,-1.5,-3.2,-0.4,-1.8,1.4,-4.5,-2.7,-3.8,0.7,-4.4,-0.6,-4.7,-0.3,-4.8,-0.1,-4.2,0.6,-3.7,0.5,-2.9,0.8,0.9,3.8,,-1.9,,,,0.2,,,,28.6
경기,여주시,,-1.1,-2.3,-1.2,-4,-1.7,-5.5,-1.5,-7,-1.5,-8.5,-1.5,-10,-1.5,-12.9,-2.9,-12.8,0.1,-12.2,0.6,-10.6,1.6,-11.8,-1.2,-7.4,4.4,,-3.2,,,,-0.3,,,,5.7
,,,,,,,,,,,,,,,,,,,,,,,,,,,,,-5.9,,,,-5.8,,,,5.4
